Density,LCI,UCI,Session
0.0929797,0.059223551,0.146361622,1
0.076120062,0.047743054,0.121659354,2
0.05773293,0.034819854,0.095913453,3
0.066523367,0.039565073,0.112084226,4
0.076410214,0.04792347,0.122127956,5
0.054628115,0.032541667,0.091879488,6
